exp_id,area,hypothesis,control,variant,primary_metric,guardrail_metric,required_events,min_runtime_days,sample_size_note,stop_condition,risk,method
E01-tutorial-do-first,tutorial,"Replacing text-card hints in L1-L3 with a zero-text ghost-hand demo raises tutorial completion from ~80% to >=88% without hurting L4-L5 comprehension","3-level teach with short text hints (tutorial_started variant=text_v1)","Zero-text ghost-hand demonstration on the same 3 levels (variant=ghost_v1)",tutorial_completed rate within first session,L4-L5 level_failed rate (comprehension proxy),"first_open,tutorial_started,tutorial_step,tutorial_completed,level_failed",7,"~400/arm to detect +8pp on 80% base at 80% power - not reachable pre-launch; pre-launch read = 12 closed testers observed; post-launch needs ~1 wk at 120+ installs/day","stop if any arm <60% tutorial completion after 100 users, or L5 fail rate rises >10pp",low,"Pre-launch: moderated usability with the 12 closed testers (sequential builds). Post-launch: remote-config A/B only if >2k installs/wk; otherwise sequential build-over-build, directional"
E02-session-next-route,session_length_pacing,"A 1-tap Next Route button on the win screen lifts levels/session from ~4 to >=5 without pushing median session past 8 min (45-90s levels per locked spec)",Win screen returns to district map,Win screen shows inline Next Route button that queues the next level,levels per session (level_started count per session_id),median session length; level_quit rate,"app_open,level_started,level_completed,level_quit",7,"within-user metric, so ~300 users/arm gives a directional read; true significance needs ~1k/arm - treat as directional","stop if median session exceeds 10 min or level_quit rate doubles (binge-then-churn signal)",low,"Sequential: ship variant in weekly build, compare week-over-week cohorts; not A/B-able at <5k users"
E03-ramp-l8-l12,difficulty_ramp,"Retuning L8-L12 so <=35% of players fail attempt 2 lifts L8-to-L12 funnel pass-through from ~55% to >=70% and supports D1 (~22% genre median per brief, GameAnalytics 2025)",Current solver-rated ramp as shipped,"Retuned L8-L12 band: wider queue capacity plus one extra preview wave",L8-to-L12 funnel pass-through within 48h of first L8 start,perfect-clear rate on L8-L12 (>60% = too easy); session length,"level_started,level_failed,level_completed,level_quit",7,"funnel read stabilizes at ~200 players entering L8 - reachable week 1 post-launch at modest installs","stop retune if perfect-clear rate exceeds 60% (boredom) or pass-through drops vs control period",medium - touches core feel,"Sequential level retune driven by failure funnel + replay logs; never A/B (levels are shared content); validate with 5-tester replay before shipping"
E04-reward-milestone,reward_cadence,"An always-visible progress bar toward the 600-ticket cosmetic (vs balance hidden in shop) lifts D7 from ~4% median toward 6% and raises ticket_spent rate; earn stays inside locked 20-50/level band",Ticket balance visible only in shop; earn 20-50/level per locked economy,Same earn rates plus persistent progress bar to next 600-ticket cosmetic on the map screen,D7 retention of new-install cohort,median balance_after (inflation check); cosmetic_unlocked via tickets rate,"ticket_earned,ticket_spent,cosmetic_unlocked,app_open",14,"D7 at ~4% base needs thousands/arm for significance - directional only; compare trend across 2 weekly cohorts","stop if D7 trend worsens 2 cohorts running or median balance drifts above 1500 (sink too weak)",low,"Sequential weekly-cohort comparison; all numbers stay inside locked 20-50 earn and 600-1200 sink bands"
E05-daily-first-prompt,daily_challenge_timing,"Prompting the Daily Line immediately after the L7 unlock (vs surfacing it next session) lifts 24h daily_started rate from ~40% to >=55%",Daily card appears on map at next session after daily_unlocked,Celebratory unlock screen with Play Today's Line CTA immediately after the L7 win,daily_started within 24h of daily_unlocked,session continuation after prompt (level_started next); prompt dismissal rate,"daily_unlocked,daily_started,daily_completed,level_started",7,"~250/arm detects +15pp on a 40% base - feasible around week 2 post-launch at 100+ installs/day","stop if post-prompt session abandonment rises >5pp",low,"Remote-config A/B feasible (binary outcome, high base rate) once installs pass ~1.5k; before that sequential"
E06-paywall-first-exposure,paywall_timing,"The locked post-L5-win first exposure converts better than a later post-L8 exposure because celebration context beats deeper-investment context",First All Access paywall after L5 win (locked default; RC placement post_level_5),First exposure moved to post-L8 win using the same creative (placement config change only),purchase_completed(cm_all_access) per paywall_viewed,D1/D3 retention; share of paywall_dismissed under 2s (annoyance),"level_completed,paywall_viewed,paywall_dismissed,purchase_started,purchase_completed",14,"at ~2% view-to-purchase, detecting 1pp needs ~3.5k views/arm - not reachable in-window; read revenue per 1k installs directionally","stop if fast-dismiss exceeds 70% of views or D1 drops >3pp during variant period",medium - revenue-touching,"Sequential 7d+7d swap via RC Placements (server-side, no build); RC Experiments only if Pro plan confirmed (plan-gated per brief); directional at our scale"
E07-all-access-price,pricing_all_access,"cm_all_access at $6.99 yields >= revenue per 1k paywall views than $4.99 (margin offsets conversion), consistent with the brief's Grand-Prize revenue logic",cm_all_access offering at $6.99 (locked default),cm_all_access offering at $4.99,All Access revenue per 1k paywall_viewed,relative conversion collapse >50%; refund/complaint count via entitlement_changed(revoked),"paywall_viewed,purchase_started,purchase_completed,entitlement_changed",14,"revenue-per-view is high variance; at <5k users only a ~2x difference is readable - expect a directional answer, not significance","stop if either arm draws >=2 refund complaints or conversion falls below 0.5%","medium - price visibility; never show two prices simultaneously client-side","RC Experiments (server-side) if Pro plan verified - proper A/B; else sequential 7d+7d offering swap with day-of-week confound noted"
E08-supporter-shop-slot,supporter_pack_visibility,"Moving cm_supporter_pack to the top shop slot with Founder framing doubles its purchase rate without cannibalizing All Access; stays shop-only per locked decision",Supporter pack as bottom shop card,"Supporter pack as top card with Founder livery preview and name-a-cat callout, still shop-only, never interrupts",purchase_completed(cm_supporter_pack) per paywall_viewed(placement=shop),cm_all_access conversion from shop (cannibalization),"paywall_viewed,purchase_started,purchase_completed",14,"supporter purchases will be single digits at our scale - any signal is anecdote; decide on summed revenue, not rate","stop if All Access shop conversion drops >30% relative",low - shop-only surface per brief,"Sequential 7d+7d layout swap via remote config; explicitly not significance-testable - directional plus qualitative tester readback"
E09-ticket-cosmetic-price,cosmetic_pricing,"First earnable cosmetic at 600 tickets (vs 1000) drives more ticket-method cosmetic_unlocked and better D7 by giving a reachable early goal; IAP themes stay locked at $2.99",First earnable cosmetic priced 1000 tickets,First earnable cosmetic priced 600 tickets (both inside locked 600-1200 band),cosmetic_unlocked(method=tickets) per active user by day 7,ticket_spent depletion frustration (level_quit after zero balance); engagement with later 1200-tier items,"ticket_earned,ticket_spent,cosmetic_unlocked,cosmetic_equipped",14,"~300/arm for a directional unlock-rate read - feasible weeks 2-3 post-launch","stop if the 600 arm halves engagement with later 1200-tier cosmetics",low,"Server-driven catalog value A/B if installs >2k; otherwise sequential 7d+7d; cm_theme_sakura/cm_theme_neon prices are locked and not tested"
E10-rewind-offer-attempt,rewarded_placement_eligibility,"Offering the rewarded rewind from attempt 3 (vs attempt 2) cuts offer fatigue while keeping ad revenue; locked floor stands - never after first failure",Rewarded rewind offer eligible from 2nd failed attempt,Rewarded rewind offer eligible from 3rd failed attempt,rewarded_ad_completed(placement=rewind_failure) per DAU,level completion after repeated failure; level_quit on 3rd fail,"level_failed,ad_offer_viewed,ad_offer_declined,rewarded_ad_started,rewarded_ad_completed,rewind_used",7,"~500 eligible failure moments per arm for a stable accept-rate read; volume depends on ramp tuning - sequence after E03","stop if 3rd-fail level_quit rises >5pp in variant",medium - touches the frustration moment,"Sequential remote-config toggle 7d+7d; directional; pair with 5-user think-aloud on the failure sheet"
E11-double-tickets-value,ad_reward_value,"Raising double_tickets reward from 2x to 2x plus 20 bonus tickets lifts offer accept rate from ~30% to >=40% and net ad revenue per DAU without breaking the ticket economy",double_tickets rewarded ad grants 2x level tickets (3/day cap per locked spec),"2x plus flat 20 bonus tickets, same 3/day cap",ad_offer_viewed to rewarded_ad_completed accept rate on double_tickets,median balance_after (inflation); cosmetic sink engagement; All Access conversion,"ad_offer_viewed,rewarded_ad_started,rewarded_ad_completed,ticket_earned,ticket_spent",7,"accept rate is high-frequency: ~400 offers/arm gives a readable delta - feasible at DAU >200","stop if median balance drifts above 1500 or All Access conversion dips vs trailing baseline",low,"Remote-config value A/B feasible at modest DAU (high event frequency); else sequential; RC AdTracker revenue as secondary read"
E12-all-access-framing,remove_ads_framing,"Content-led headline (bonus district + themes forever) converts better than interruption-free-led framing because Cat Metro already ships with no forced ads; copy must never imply forced ads exist","Paywalls v2 post_level_5 headline 'The whole metro, forever' - content bullets first, fairness line last","Same paywall, headline 'Yours forever. Never an interruption.' - fairness line first, content bullets second",purchase_completed(cm_all_access) per paywall_viewed(placement=post_level_5),median paywall_dismissed view time; any review or complaint mentioning ads,"paywall_viewed,paywall_dismissed,purchase_started,purchase_completed",14,"same math as E07 - sub-1pp conversion deltas invisible at our n; run for direction plus 12-tester comprehension readback","stop immediately if any tester reads the copy as implying forced ads exist",medium - brand-promise adjacent,"RC Paywalls v2 variant swap: RC Experiments if Pro plan, else sequential 7d+7d; include comprehension question in pre-launch tester script"
E13-push-soft-prompt-timing,notification_permission_timing,"Showing the pre-permission IAM after the first daily_completed (earned value) beats showing it at daily_unlocked, lifting grant rate from ~60% to >=70%",Soft prompt IAM at daily_unlocked (L7) - get tomorrow's Line framing,Soft prompt IAM after first daily_completed - we'll tell you when tomorrow's Line opens,push_permission_result granted rate,soft-prompt dismissal rate; session continuation after prompt; cap 1/build respected,"daily_unlocked,daily_completed,push_soft_prompt_viewed,push_permission_result",10,"+10pp on a 60% base needs ~350/arm - genuinely reachable in-window at >1.5k installs; one-shot per user so no crossover","stop if variant delays grants so long that >50% of granters miss the day-2 daily journey send",low,"Remote-config A/B - one of the few in-game tests properly powered at hackathon scale (binary outcome, high base rate)"
E14-daily-copy-abc,notification_copy,"Playful-transit copy (daily_challenge C 'The 8:00 departs on time') beats neutral A and personalized B on open rate - variants per notification_copy.csv",daily_challenge variant A (Today's Line is ready),daily_challenge variants B (A fresh route just opened) and C (The 8:00 departs on time) as a 3-way split,notification_opened per delivered send,push opt-out rate within 24h of send,"notification_opened,daily_started,push_permission_result",7,"~800 delivered/arm distinguishes 6% vs 9% open rate; daily cadence accumulates sends fast - readable by week 2 of sends","stop any variant with opt-out >1.5% of deliveries; declare no-winner if spread <2pp after 2 weeks",low,"OneSignal A/B split send on the daily_challenge journey - properly A/B-able at hackathon scale; flagship honest A/B alongside store listing tests"
E15-streak-copy-ab,notification_copy,"Honest-no-panic streak copy (streak_risk A) saves as many streaks as gentle B while drawing fewer opt-outs - softening loss-aversion costs nothing",streak_risk variant A (Your {streak_days}-day line is still open),streak_risk variant B (One route keeps the streak),streak save rate (daily_completed after send and before expiry),opt-out within 24h of send; streak_changed(reset) complaint volume,"notification_opened,daily_completed,streak_changed",14,"only users with streak>=3 qualify - expect low hundreds of sends total in-window; directional unless the daily habit forms fast","pause journey if opt-out exceeds 2% on any send",medium - loss-aversion messaging,"OneSignal A/B split on the streak_risk journey message step (Growth plan); small eligible pool - directional"
E16-store-icon,store_icon,"Character-led icon (cat conductor face) beats system-led icon (metro map forming a cat silhouette) on listing conversion - character icons win across cat-genre comps (Neko Atsume 13.6M/4.78, verified 2026-07-31)",Icon A: cream cat conductor face with navy cap on a teal roundel,"Icon B: navy metro lines forming a cat silhouette, orange accent",Play Console first-time-installer conversion (app-side sanity check: first_open volume),D1 of installs acquired during each arm (install quality); art must not read child-directed (Families risk per brief),"first_open,app_open",14,"Play handles randomization and stats server-side; at ~200 listing visitors/day, 14 days detects only large (>15% relative) lifts - accept that","adopt winner early only if Play reports >90% probability to beat; kill any art direction flagged child-appealing",low,"Google Play store listing experiment - true randomized A/B even at hackathon scale; start once production listing is live (~Aug 26)"
E17-screenshot-order,screenshots_order,"Leading with the gameplay-board screenshot beats leading with the no-forced-ads fairness card - players buy the mechanic first and the values second",Order: board gameplay > cats close-up > fairness promise > Daily Line > themes,"Order: fairness promise card first, then board gameplay, remainder unchanged",Play Console first-time-installer conversion,D1 of each arm's installs (message-fit check),"first_open,app_open",14,"same Play-experiment math as E16; queue after the icon test to avoid interaction effects unless Play traffic supports parallel slots","stop if fairness-first wins CVR but shows >3pp worse D1 (attracting the wrong audience)",low,"Google Play store listing experiment - properly A/B-able; second in the listing-test queue after E16"
E18-short-description,short_description,"Mechanic-led short description ('Route cat trains with one thumb. 60-second metro puzzles.') beats fairness-led ('The fair cat puzzle: no forced ads, no energy, no timers.') on listing conversion",Short description: 'Route cat trains with one thumb. 60-second metro puzzles.',"Short description: 'The fair cat puzzle: no forced ads, no energy, no timers.'",Play Console first-time-installer conversion,D1 of each arm's installs,"first_open,app_open",14,"text moves CVR less than art in most listing tests - a null is likely; even a null settles the internal copy debate for launch PR","accept null after 14d and keep control; adopt variant only at >90% probability to beat",low,"Google Play store listing experiment - A/B-able at scale; third in the listing-test queue after E16/E17"
E19-first-session-polish,first_session_polish,"Three polish beats (station cheer on first win, name-your-cat after L3, confetti plus share card at L5) lift D1 from ~22% median toward 28%",Launch build first session as shipped,"Build adding exactly the three polish beats, nothing else in the changelist",D1 retention by weekly install cohort,first-session crash-free rate and perf_sample p95 on low-end tier (polish must not cost frames); tutorial_completed unchanged,"first_open,tutorial_completed,level_completed,app_open,perf_sample,error_caught",14,"D1 cohort deltas of 3pp+ visible at ~800 installs/cohort - borderline; support with 12-tester delight observation notes","roll back beats if p95 frame time regresses >2ms on low-end tier or crash-free drops below 99%",low,"Sequential build-over-build cohort comparison plus moderated usability (n=12); in-game A/B not warranted - beats are cheap to keep if neutral"
E20-daily-send-time,daily_send_time,"Learned per-user send time (median session-start hour after 7 days of data) beats fixed 10:00 local on daily participation - the experiment already reserved in onesignal_journeys.csv",Daily Line push at fixed 10:00 local,Push at learned per-user median session-start hour (fallback 10:00 when under 7 days of data),daily_started within 2h of delivery,open rate; opt-out rate; zero deliveries outside the journey Time Window (22:00-09:00 blocked),"notification_opened,daily_started,daily_completed,app_open",14,"requires users with >=7d history - variant arm fills from ~Sep 1; several hundred/arm by mid-Sep, enough for a 3pp+ participation delta","stop if any delivery lands outside the allowed window (instrumentation bug) or opt-outs exceed 1.5%",low,"OneSignal split on the daily_challenge journey using tag-driven Time Window steps (Growth plan) - A/B-able"
E21-share-card-design,share_card_design,"A share card showing the player's actual route trace plus conductor cat drives more link opens per share than a minimal score-and-streak card","Minimal card: score, streak, Daily Line date, store link","Route-trace card: mini route drawing plus conductor cat plus score, same link",challenge_opened per scorecard_shared (invite loop yield),share completion rate (a fancier card must not slow or discourage sharing); zero PII on card,"scorecard_shared,challenge_opened,first_open",14,"shares will number in the low hundreds at best; opens-per-share is a ratio of small numbers - directional only; screenshot-test both cards with the 12 testers too","stop if variant share completion drops >20% relative (check card render time)",low,"Sequential 7d+7d toggle; deep-link source tag on challenge_opened separates arms cleanly even run sequentially"
E22-rewind-free-daily,rewind_free_daily_count,"Two free rewinds/day (vs locked default 1) reduce failure churn enough to lift retry rate and D7 without measurably cannibalizing cm_rewind_5/cm_rewind_20 or the rewarded rewind",1 free rewind per day (locked economy default),"2 free rewinds per day, all else unchanged",post-failure same-level retry rate (secondary: D7),rewind pack unit sales (cm_rewind_5 + cm_rewind_20); rewarded_ad_completed(rewind_failure) volume,"rewind_used,level_failed,level_completed,purchase_completed,rewarded_ad_completed",14,"pack purchases are single-digit at our n - the revenue guardrail is anecdote-level; lean on retry rate (high-frequency) as the readable metric","revert if pack purchases hit zero for 7 straight days when the control period had >=3, or if retry rate lifts under 2pp",medium - direct revenue interaction,"Sequential remote-config 7d+7d; explicitly not A/B-able on the revenue guardrail at <5k users"
E23-theme-rental-length,theme_rental_length,"A 5-level theme rental (vs locked 3-level spec) builds enough attachment to lift cm_theme_sakura/cm_theme_neon purchase rate among renters from ~2% to >=4%","Rewarded theme rental lasts 3 levels, 1/theme/day (locked spec)","Rental lasts 5 levels, same 1/theme/day cap",purchase_completed(cm_theme_sakura or cm_theme_neon) within 7d of first rental,repeat-rental rate (longer rentals must not gut rental ad volume); theme equip retention,"rewarded_ad_completed,cosmetic_equipped,paywall_viewed,purchase_completed",14,"theme buyers among renters will be a handful - judge on combined signal: purchase count plus equip minutes plus tester interviews","stop if repeat-rental rate halves (ad revenue traded for nothing)",low,"Sequential remote-config value change 7d+7d; directional plus qualitative; the $2.99 theme price is locked and not tested"
E24-winback14-copy,notification_copy,"Value-led final winback (winback_14d C - free premium-theme trial) resurrects more 14d-lapsed players than honest-final A; both variants keep the this-is-the-last-message promise",winback_14d variant A (One route when you have a minute - honest-final),winback_14d variant C (The 14-day special - value-led-final),app_open within 72h of send (14d resurrection rate),unsubscribe/complaint rate; promise integrity - zero further sends after this message in both arms,"notification_opened,app_open,streak_changed",21,"eligible pool = 14d-lapsed with push granted - likely under 300 total in the window; run the split anyway (OneSignal handles it) and read directionally","hard stop on any evidence a second final message was sent (journey config bug)",medium - exit-respect promise,"OneSignal A/B split on the winback_14d journey step; mechanically A/B but underpowered - accept a directional answer"
E25-hardlevel-copy,notification_copy,"Concrete-tip copy (hard_level_help A - names the {hint_color} source plus free rewind) gets more stuck players past the level than retune-transparency copy (B)",hard_level_help variant B (Level {level_id} was retuned),hard_level_help variant A (A route tip for Level {level_id} plus free rewind note),level_completed on the stuck level within 48h of send,open rate; sentiment - any support message or review calling it an upsell; per-journey rule: never reads as a sale,"notification_opened,level_completed,level_failed,rewind_used",14,"trigger is 2 fails in 60min without completion and a 1-per-level-ever cap - a few hundred qualifying sends at best; directional","pause the journey if any reply or review calls the message an ad or upsell",medium - help-not-sell boundary,"OneSignal split on the hard_level_help journey (Growth plan slot 3); directional at our n"
E26-paywallsv2-gate,paywall_reliability,"RC Paywalls v2 renders crash-free >=99.5% on the Android device matrix and converts at parity with the custom fallback; if not, the custom paywall ships at post_level_5 (3 open Android crash issues #745/#736/#732 per brief)",Custom Unity-native paywall (fallback build - known stable),RC Paywalls v2 via RevenueCatUI at placement post_level_5,crash-free paywall render rate on 10-device matrix; secondary: conversion parity per paywall_viewed,paywall_viewed to purchase_started funnel parity; error_caught(domain=paywall) volume,"paywall_viewed,purchase_started,purchase_completed,error_caught",5,"this is a go/no-go engineering gate, not a stats test - 10 physical devices x 20 renders each pre-launch, then a 48h staged-rollout watch","any reproducible crash on a top-10 device = ship custom fallback immediately; revisit Paywalls v2 post-event",high if skipped - purchase path stability,"Pre-launch device-matrix QA plus staged rollout monitoring; explicitly not an A/B - reliability gate scheduled before the D21 (Aug 21) commercial beta smoke"
