# RevenueCat + Google Play configuration runbook - Cat Metro (io.catmetro.game). v1, 31 Jul 2026. Source of truth: DECISIONS_BRIEF.md (locked 2026-07-31) + specs/revenuecat_implementation.md (offering IDs ofr_core/ofr_themes/ofr_rewind/ofr_shop and entitlement mapping are reused here verbatim).
# Row order IS execution order. Item prefixes: D1-xx = Aug 1 2026 (Day 1), D2/D3 = Aug 2-3, Dnn = day offset from Aug 1, SEP-xx = post-launch. Every P0 row must be green before the D24-26 (Aug 24-26) production submit.
# Serial wall-clock dependencies that force the Day-1 ordering: Play service-account credential propagation ~36h; Play closed-test 14-day tester clock; RevenueCat Ads public-beta approval latency is unbounded.
config_area,item,value,where_configured,depends_on,verification_step
project,D1-01 Create RevenueCat project,"Project name ""Cat Metro""; owner account sushantsrikrish@gmail.com; ONE project for the whole app (Test Store lives as a second app inside it, not a second project)",app.revenuecat.com > Projects > New project,"RevenueCat account created Aug 1 08:00 PT (Shipaton submission window opens Jul 31 08:00 PDT)",Project visible in dashboard; project ID pasted into ops/credentials.md (gitignored) and into the Devpost evidence-pack notes
plan_tier,D1-02 Confirm plan tier (Experiments + Targeting gate),"Launch on the free tier. Experiments AND Targeting are Pro/Enterprise-gated (verified 2026-07-31); Funnels (Stripe Funnel Vision P2) is also Pro. If Pro is not purchased, ALL rows in paywall_experiments.csv fall back to sequential offering swaps via Placements",RC dashboard > Project settings > Plan & billing,D1-01,"Screenshot the plan row on Aug 1 and again Sep 1; record the answer once in paywall_experiments.csv rc_mechanism column; if Pro is not active by Sep 1 the word ""Experiments"" must not appear in any Devpost claim"
app,D1-03 Add the Android app,"App display name ""Cat Metro (Android)""; package name io.catmetro.game (IMMUTABLE after the first Play upload; catmetro.io registered the same day per brief RDAP check 2026-07-31)",RC > Project settings > Apps > + New > Google Play,D1-01,"Package string is byte-identical in three places: RC app config, Unity Player Settings applicationIdentifier, Play Console app. CI preflight script diffs all three and fails the build on mismatch"
sdk_keys,D1-04 Public Android SDK key handling,"Public key goog_xxxxxxxxxxxxxxxxxxxx for io.catmetro.game. Public keys are safe on-device but are still injected at build time from env var CM_RC_PUBLIC_KEY into RevenueCatConfig.asset - never typed into a committed scene or prefab",RC > Project settings > API keys > Public app keys; consumed by Editor build script BuildPipelineCatMetro.InjectKeys(),D1-03,"Boot log prints only the 8-char key fingerprint; grep the release AAB for ""sk_"" and for the v2 secret prefix - zero hits required (release-readiness gate)"
sdk_keys,D1-05 Secret (v2) API key handling,"sk_xxxxxxxx used ONLY by the Cloudflare Worker webhook verifier and local ops scripts (charts export, refund lookups). Stored as a Wrangler secret + 1Password entry. Never in the Unity project, never in git, never in a screenshot",RC > Project settings > API keys > Secret keys; `wrangler secret put RC_SECRET_KEY`,D1-01,"`git log -S sk_ --all` returns nothing; Worker reads from env at runtime; key rotated once after the Sep 30 submission freeze"
sdk_keys,D1-06 Test Store key vs production key discipline,"Two keys, one switch. Test Store key resolves ONLY under scripting define CM_TEST_STORE (Editor + internal dev builds). Production goog_ key in every build that leaves the machine. The release build profile strips the define; there is no runtime toggle, no remote flag, no debug menu entry that can swap stores",Unity > Project Settings > Player > Scripting Define Symbols (per build profile); resolution in RevenueCatBootstrap.cs,"D1-04, D1-49","Release candidate: CM_TEST_STORE absent from the Unity build log; adb logcat boot line reads store=play_store; D24 release-readiness checklist blocks the submit on this line"
play_credentials,D1-07 Google Cloud project + Play Developer API,"Cloud project cat-metro-ops; enable Google Play Android Developer API; create service account revenuecat-validator@cat-metro-ops.iam.gserviceaccount.com; download the JSON key exactly once",console.cloud.google.com > APIs & Services > Library + IAM & Admin > Service accounts,Google Play developer account (created Aug 1 morning),API status reads Enabled; JSON key stored in 1Password only; local copy deleted after upload
play_credentials,D1-08 Grant the service account Play permissions,"Account-level invite with exactly: View app information and download bulk reports; View financial data, orders, and cancellation survey responses; Manage orders and subscriptions. The financial + orders pair is what lets RevenueCat validate purchases and observe refunds - a missing checkbox here is the classic silent failure",Play Console > Users and permissions > Invite new users,D1-07,"Permissions page screenshot filed in ops/; RC ""Service account credentials"" badge turns valid within ~36h (propagation lag verified 2026-07-31) - if still invalid at 48h, re-issue the key rather than waiting"
play_credentials,D1-09 Upload the service-account JSON to RevenueCat,Paste the JSON into the Android app's Service Account Credentials field,RC > Project settings > Apps > Cat Metro (Android) > Service Account credentials JSON,D1-08,Green ""Credentials valid"" in RC; then a license-tester purchase on the closed track lands in RC Customer History with store=play_store and no validation error
play_credentials,D1-10 Play app + first AAB upload (unblocks product creation),"Create the Play app: target audience 13+ (declare NO under-13 age group per brief Families decision); Play App Signing enabled; upload the Day-1 skeleton AAB (com.android.vending.BILLING permission, targetSdk 36, minSdk 24, IL2CPP/ARM64) to the CLOSED TEST track; invite the 12 recruited testers the same day",Play Console > Create app > Release > Testing > Closed testing,Unity 6000.3.16f1 skeleton project builds,"AAB accepted; the Monetize > Products > In-app products tab becomes usable (Play blocks product creation until a Billing-permission AAB exists); 12 tester opt-ins confirmed - this starts the mandatory 14-day clock on Aug 1 so it closes Aug 14"
products,D1-11 Create cm_all_access,"Managed product (one-time, non-consumable). US $6.99, price template tpl_cm_699. Title ""All Access (Complete Edition)"". Description lists contents explicitly per Play policy: Night Harbor bonus district (10 levels), Sakura Line theme, Neon Line theme, second daily free rewind, permanent ad-free guarantee, gold conductor badge. Status: Active",Play Console > Monetize > Products > In-app products,D1-10,"Status ACTIVE; price renders correctly in at least 2 storefronts (US + IN) in the Play preview; ID copy-pasted (never retyped) into RC at D1-18"
products,D1-12 Create cm_supporter_pack,"Managed product (one-time, non-consumable). US $9.99, template tpl_cm_999. Title ""Supporter Pack"". Description states the overlap honestly: everything in All Access plus Founder livery, name-a-cat cameo (local), supporter badge. NO donation/charity framing (Play requires deliverable digital content)",Play Console > Monetize > Products > In-app products,D1-10,ACTIVE; description passes a self-review against Play's IAP content policy; shop card renders the overlap-disclosure state for all_access owners (monetization_spec 3.11)
products,D1-13 Create cm_theme_sakura,"Managed product (one-time, non-consumable). US $2.99, template tpl_cm_299. Title ""Sakura Line Theme"". Cosmetic only - description says ""pure cosmetics, zero gameplay change""",Play Console > Monetize > Products > In-app products,D1-10,ACTIVE; purchase on a license tester equips the theme and shows Owned in shop
products,D1-14 Create cm_theme_neon,"Managed product (one-time, non-consumable). US $2.99, template tpl_cm_299. Title ""Neon Line Theme"". Same cosmetic-only description discipline as Sakura",Play Console > Monetize > Products > In-app products,D1-10,ACTIVE; neon palette passes the colorblind (color+symbol+silhouette) check before the product is switched on in ofr_themes
products,D1-15 Create cm_rewind_5,"Managed product, consumed client-side. US $1.99, template tpl_cm_199. Title ""Rewind 5-Pack"". Grants 5 rewinds. Consumption is driven by our ledger commit (Billing 8 via purchases-unity 9.7.0); RevenueCat consumes the transaction after the grant",Play Console > Monetize > Products > In-app products,D1-10,"ACTIVE; repeat-purchasable on the same license-tester account (buy twice, balance +10, two distinct txn hashes in the ledger)"
products,D1-16 Create cm_rewind_20,"Managed product, consumed client-side. US $4.99, template tpl_cm_499. Title ""Rewind 20-Pack"". Grants 20 rewinds. ""Best per rewind"" badge copy must state the true per-unit math ($0.25 vs $0.40)",Play Console > Monetize > Products > In-app products,D1-10,ACTIVE; repeat-purchasable; per-unit claim recomputed from the live localized prices in at least 2 currencies before the badge ships
products,D1-17 Create cm_all_access_499 (PW01 experiment SKU),"Managed product, US $4.99, template tpl_cm_499, contents IDENTICAL to cm_all_access (Play prices are per-SKU, so a $4.99 arm needs its own SKU). Created Aug 1 so propagation is never the blocker; left INACTIVE and out of every offering until PW01 starts; deactivated again at PW01 end",Play Console > Monetize > Products > In-app products,D1-11,"Inactive on launch day (screenshot proves it was never sellable at 1.0); at PW01 start it is attached to all_access + theme_sakura + theme_neon entitlements BEFORE activation - verify with a clean-account purchase on the variant offering"
products,D1-18 Import all products into RevenueCat,"Import the 6 launch SKUs (+ cm_all_access_499 when PW01 arms) from Play. If Play propagation lags, add the IDs manually - RC accepts a product ID before Play finishes propagating",RC > Products > + New / Import from Play,"D1-09, D1-11..D1-17","All 6 IDs listed with store=Play Store, type=one time; zero typos (IDs pasted from the Play Console list, never hand-typed)"
products,D1-19 Play price templates,"tpl_cm_199 / tpl_cm_299 / tpl_cm_499 / tpl_cm_699 / tpl_cm_999. Each SKU links to its tier so a price change is one edit. Hand-round the top-10 markets (US, IN, BR, MX, ID, PH, GB, DE, CA, AU) to local psychological points - never ship a raw conversion like INR 581.43",Play Console > Monetize > Pricing templates,D1-10,Each product page shows its template name; spot-check INR/BRL/MXN prices are round; ladder relationships (1.99 < 2.99 < 4.99 < 6.99 < 9.99) hold in every hand-rounded market or that market reverts to auto-conversion
entitlements,D1-20 Entitlement all_access,"Attached products: cm_all_access, cm_supporter_pack (+ cm_all_access_499 only while PW01 runs). This is the ONE entitlement that gates Night Harbor, the doubled daily free rewind (2/day), permanent ad-surface removal, the gold conductor badge, and the whole payer-suppression matrix",RC > Entitlements > + New entitlement,D1-18,"Clean license-tester account buys cm_supporter_pack -> all_access active (plus supporter, theme_sakura, theme_neon) with zero client-side boolean logic; release-readiness spot check"
entitlements,D1-21 Entitlement supporter,Attached product: cm_supporter_pack ONLY. Gates Founder livery + name-a-cat cameo (local) + supporter badge,RC > Entitlements > + New entitlement,D1-18,Buying cm_all_access does NOT activate supporter (negative test); buying cm_supporter_pack activates both
entitlements,D1-22 Entitlement theme_sakura,"Attached products: cm_theme_sakura, cm_all_access, cm_supporter_pack (+ cm_all_access_499 during PW01). Umbrella products are attached deliberately so game code checks exactly one entitlement per feature",RC > Entitlements > + New entitlement,D1-18,Buy cm_all_access -> theme_sakura active and the Sakura swatch shows Owned with no lock icon; ownership survives a reinstall + Restore
entitlements,D1-23 Entitlement theme_neon,"Attached products: cm_theme_neon, cm_all_access, cm_supporter_pack (+ cm_all_access_499 during PW01). Same umbrella-attach rule as sakura",RC > Entitlements > + New entitlement,D1-18,Buy cm_theme_neon alone -> theme_neon active and theme_sakura NOT active (negative test)
entitlements,D1-24 Consumables carry NO entitlement (deliberate),"cm_rewind_5 and cm_rewind_20 are left unattached in RC. Fulfillment is the local ConsumableLedger keyed by a SHA-256 hashed transaction id (see entitlement_map.json consumables section). An entitlement here would be wrong: rewinds are spent, not owned",RC > Products (entitlement field left empty on both rewind SKUs),D1-18,Both rewind SKUs show no entitlement in RC; a rewind purchase produces ZERO entitlement_changed events and exactly one ledger row + balance delta
offerings,D1-25 Offering ofr_core (set as Current),"Packages in display order: all_access (cm_all_access), supporter (cm_supporter_pack). Marked CURRENT so a placement misfire degrades to a sane default. Serves placements post_level_5 and bonus_district. DISPLAY RULE (brief-locked): the post_level_5 and bonus_district renderers bind ONLY the all_access package - the supporter package is filtered out by SupporterVisibilityRule, which allows it exclusively in the shop screen",RC > Offerings > + New offering > mark as Current,"D1-20, D1-21",GetOfferings() on device returns ofr_core as current with both packages; QA asserts the post_level_5 paywall and bonus_district screen render exactly one purchasable card (supporter impossible to reach from either)
offerings,D1-26 Offering ofr_themes,"Packages in display order: theme_sakura (cm_theme_sakura), theme_neon (cm_theme_neon), all_access (cm_all_access, rendered as a one-line cross-sell, never a third card at launch - PW04 tests that). Serves placement theme_preview",RC > Offerings > + New offering,"D1-22, D1-23",Device fetch returns 3 packages in that order; the theme sheet renders 2 action rows + 1 cross-line; owned themes flip to Owned/Equip without re-fetching
offerings,D1-27 Offering ofr_rewind,"Packages in display order: rewind_5 (cm_rewind_5), rewind_20 (cm_rewind_20), all_access (cross-line only, hidden for payers - All Access doubles the daily free rewind). Serves placement rewind_failure. Hard rule: no package from this offering may render above the free / owned / rewarded rows",RC > Offerings > + New offering,"D1-20, D1-24",Device fetch returns 3 packages; EditMode test on the failure sheet asserts pack rows always sort below the free+owned+rewarded rows and that attempt==1 can never fetch this placement
offerings,D1-28 Offering ofr_shop,"All six packages in shop scroll order: all_access, theme_sakura, theme_neon, rewind_5, rewind_20, supporter (supporter deliberately last - shop-only, tip-jar framing). Serves placement shop",RC > Offerings > + New offering,D1-20..D1-24,Shop screen renders 6 cards from the offering with no hard-coded catalog; removing a package in the dashboard removes the card on next fetch without an app update
offerings,D1-29 Package identifier convention,"Custom identifiers throughout: all_access, supporter, theme_sakura, theme_neon, rewind_5, rewind_20. No $rc_ magic identifiers - those carry subscription-duration semantics we do not have. The SAME identifier string is reused in every offering so client code keys UI off package.identifier alone. NOTE: monetization_catalog.csv lists package_type $rc_lifetime for all_access; reconciled here to the custom identifier all_access - if the dashboard is ever switched to the Lifetime type, PaywallPresenter's package map must change in the same commit",RC > Offerings > (each offering) > Packages,D1-25..D1-28,"Unity OfferingSnapshot maps identifier -> prefab through a dictionary with NO default branch; an unknown identifier throws in dev builds and logs error_caught(domain=offering_shape) in release"
placements,D1-30 Placement post_level_5,"Serves ofr_core. Renderer: RevenueCat Paywalls v2. Fires once per install ever, on first L5 completion, after the celebration finishes. Fallback when the placement resolves to nothing: use current offering (ofr_core)",RC > Offerings > Placements > + New placement,"D1-25, purchases-unity 9.7.0 (Placements need >=6.9.0)","On-device: GetOfferingForPlacement(""post_level_5"") returns ofr_core; paywall_viewed logs offering_id=ofr_core, paywall_variant=rcui_v2"
placements,D1-31 Placement theme_preview,"Serves ofr_themes. Renderer: custom UGUI bottom sheet over the live re-skinned board. Player-initiated only - the system never opens it. Fallback: use current offering is DISABLED here (a themes sheet must never show the All Access core paywall); on null the sheet shows the rewarded rental row only, or closes if ads are off",RC > Offerings > Placements > + New placement,D1-26,Device fetch returns ofr_themes; force a null placement in the dev menu and confirm the sheet degrades to rental-only and never renders a core paywall
placements,D1-32 Placement bonus_district,"Serves ofr_core. Renderer: custom full-screen unlock view (Night Harbor hero + 10 ghosted level names). Player-initiated (map tile tap) only; the tile never pulses or badges. Fallback: use current offering",RC > Offerings > Placements > + New placement,D1-25,Device fetch returns ofr_core; supporter package filtered out by SupporterVisibilityRule; paywall_viewed logs placement=bonus_district trigger=map_tap
placements,D1-33 Placement shop,"Serves ofr_shop. Renderer: custom shop screen. Always reachable from Home. Fallback: use current offering, plus a cached last-good offering from the save so an offline shop still lists what the player already saw",RC > Offerings > Placements > + New placement,D1-28,Device fetch returns ofr_shop with 6 packages; airplane-mode open renders the cached catalog with a calm offline line and no spinner-lock
placements,D1-34 Placement rewind_failure,"Serves ofr_rewind. Renderer: custom bottom sheet, opened ONLY by the player tapping the rewind chip (attempt >= 2, progress >= 40%). Fallback: NO offering (explicitly not the current offering) - if the placement returns nothing the sheet shows free/owned/rewarded rows and simply omits the pack rows",RC > Offerings > Placements > + New placement,D1-27,"Device fetch returns ofr_rewind; null-placement dev toggle confirms the sheet still opens with free options and zero purchase rows; EditMode test asserts no fetch is even attempted when attempt==1"
placements,D1-35 Placement fallback policy (written down once),"post_level_5 / bonus_district / shop -> fall back to the current offering (ofr_core or cached). theme_preview / rewind_failure -> fall back to NOTHING. Rationale: a mis-resolved placement must never turn a cosmetic sheet or a failure sheet into a core-paywall interrupt",RC > Placements > (per placement) > Fallback offering setting,D1-30..D1-34,"Dev menu ""break placements"" toggle runs all five surfaces; QA signs off that no surface upgrades itself into a bigger ask"
paywalls,D1-36 Build the Paywalls v2 paywall for post_level_5,"Built on ofr_core with a SINGLE package slot bound to all_access. Layout top-to-bottom per monetization_spec 4.1: close X top-left >=48dp at full opacity from frame 1; Night Harbor hero image; H1 ""One ticket. Every line.""; sub-head ""All Access is the complete Cat Metro - one purchase, yours forever.""; 5 benefit rows (Night Harbor 10 levels / both premium themes / daily free rewind doubled to 2 / ad-free guaranteed forever / gold conductor badge); price row; primary CTA ""Unlock All Access - {price}""; secondary text button ""Keep playing free""; three disclosure lines (one-time not a subscription / every level outside Night Harbor is free and solvable / purchases restore on any device); footer trust line ""Fair by design: no forced ads, no energy, no loot boxes."" NO countdown, nothing preselected, no exit-intent counter-offer",RC > Paywalls (v2 editor) attached to ofr_core,"D1-25, D1-29",Rendered on 3 device tiers (low/mid/high): all three disclosure lines visible without scrolling on a 720p 16:9 screen; close button tappable in frame 1; 20 consecutive opens per tier with zero crashes (regression watch for Android paywall issues #745/#736/#732)
paywalls,D1-37 Price rendering inside the paywall,"All price text comes from RevenueCat paywall variables bound to the store product - no literal currency strings anywhere in the template or the app binary. Same rule for the custom UGUI screens (StoreProduct price string only)",RC > Paywalls editor > text variables; Unity string table (pw_* keys),D1-36,"CI regex gate fails the build if any pw_* or shop string contains a currency symbol or a digit-dot-digit pattern; manual check in a non-USD storefront (INR) shows a correctly formatted local price"
paywalls,D1-38 Custom fallback + crash-strike system,"CustomPaywallScreen (the production renderer for the other four placements) also backs post_level_5. A crash marker is armed before the native RCUI call; 2 armed-marker process deaths OR in-process exceptions set PaywallV2Disabled=true permanently on that device",Unity PaywallPresenter.cs + save state (not a dashboard setting),D1-36,"Dev toggle forces an RCUI throw -> custom paywall appears seamlessly and a purchase still completes; after 2 armed deaths, paywall_viewed logs paywall_variant=fallback forever on that device"
paywalls,D1-39 Customer Center,"Enable and configure the RevenueCat Customer Center: support email support@catmetro.io, restore-purchases entry, refund guidance pointing at Google Play (we cannot issue Play refunds ourselves), and a ""missing purchase? switch Google accounts"" help path. Device-test alongside Paywalls v2; custom help screen is the fallback",RC > Customer Center configuration,"D1-03, D1-36",Opens from Settings and from the shop footer on device; restore from inside Customer Center produces restore_started/restore_completed; P1 - may ship in the first post-launch update if the device test is unstable
ads,D1-40 Request RevenueCat Ads beta access,"Submit on Aug 1. RevenueCat Ads is a public-beta TRACKING layer over an existing ad SDK - it does not serve ads (verified 2026-07-31). The AdMob convenience module is not available for Unity, so integration is manual AdTracker calls",RC dashboard > Ads > Request access,D1-01,"Request submitted and dated in ops log; status re-checked every 3 days; hard gate at D10 (Aug 10) - if not granted, the Model A contingency in monetization_spec 2.4 arms and the Catvertising narrative leads with AdMob data + the ""ads only when the player asks"" design"
ads,D1-41 AdTracker wiring (purchases-unity 9.7.0),"IAdTracker maps 1:1 to TrackAdLoaded / TrackAdDisplayed / TrackAdOpened / TrackAdRevenue / TrackAdFailedToLoad. AdContext = {placement, network, adUnitId} with placement in {rewind_failure, double_tickets, daily_gift_double, streak_saver, theme_rental}. Ad SDK: Google Mobile Ads Unity 11.3.0 (fallback AppLovin MAX 8.6.4). Calls are no-op-safe before beta access is granted",Unity CatMetro.Integrations.RevenueCat adapter (no dashboard step beyond D1-40),"D1-40, AdMob app + 5 rewarded ad units created Aug 1",A device session with one rewarded view shows the five AdTracker events in the RC dashboard within the same day; with beta access absent the same session must produce zero exceptions and zero dropped rewards
integrations,D1-42 OneSignal integration,"RC > Integrations > OneSignal: OneSignal App ID + REST API key (Growth plan, $19/mo, locked). RevenueCat then writes purchase tags into OneSignal, which is the precondition for the payer_status suppression in the lapse-ladder journey",RC > Integrations > OneSignal,"D1-01, OneSignal app created Aug 1",Test purchase on a license tester produces RC purchase tags on the matching OneSignal user within ~1 minute; payer users then fail the lapse-ladder entry condition (verified by a manual journey dry-run)
integrations,D1-43 $onesignalUserId subscriber attribute,"Client sets the RevenueCat subscriber attribute $onesignalUserId = OneSignal.User.onesignalId immediately after OneSignal init AND again on any onesignalId change (it can arrive late or change); if it is still null, retry once on the next foreground. This is the only identity link - Cat Metro has no accounts and never calls RC LogIn",Unity: Purchases.SetAttributes after OneSignal init (CatMetro.Integrations.OneSignal -> IPurchases),D1-42,"RC customer page shows $onesignalUserId populated for a fresh install within one session; a fresh-install run where OneSignal init is deliberately delayed 30s still ends with the attribute set (retry path)"
webhooks,D2-44 Webhook endpoint,"Cloudflare Worker at https://rc-hooks.catmetro.io/v1/revenuecat (~50 LOC): append-only write to KV + daily email digest to sushantsrikrish@gmail.com. NEVER in the purchase path - the game does not know this endpoint exists and never blocks on it",RC > Integrations > Webhooks > + New webhook,"D1-01, catmetro.io DNS live",RC's Send test event returns 200 and the KV log gains a row; Worker cold-start latency logged (must not matter - fire and forget)
webhooks,D2-45 Webhook event selection,"Subscribe to: INITIAL_PURCHASE, NON_RENEWING_PURCHASE (this is the one that matters - it is how rewind pack fulfillment is reconciled), CANCELLATION (one-time product refunds surface here), EXPIRATION, BILLING_ISSUE, TEST. No subscription-only events - we ship no subscriptions",RC > Integrations > Webhooks > event types,D2-44,"Buy cm_rewind_20 on a license tester -> a NON_RENEWING_PURCHASE row appears in KV with the same store transaction id whose hash is in the device ledger; refund cm_all_access -> a CANCELLATION row appears and entitlement_changed(revoked) fires on device"
webhooks,D2-46 Webhook authorization,"Set the Authorization header to a shared secret (stored as a Wrangler secret). The Worker returns 401 for anything else and counts 401s; the endpoint does no work before the header check",RC > Webhooks > Authorization header field; `wrangler secret put RC_WEBHOOK_AUTH`,D2-44,curl without the header returns 401 and writes nothing to KV; RC's test event with the header returns 200
webhooks,D3-47 Rewind fulfillment reconciliation job,"Nightly Worker cron: count NON_RENEWING_PURCHASE events per product against the device-reported purchase_completed(txn_id_hash) analytics rows for cm_rewind_5 / cm_rewind_20. Any mismatch emails a one-line alert with the hashed ids. This is an AUDIT trail for disputes, not a grant mechanism - the ledger grants, the webhook only watches",Cloudflare Worker cron trigger (0 7 * * *),"D2-45, ConsumableLedger shipped",Force a mismatch in staging (drop one analytics row) and confirm the digest flags it; steady state during the commercial beta must show zero mismatches for 7 consecutive days before the D24 submit
testing,D1-48 RevenueCat Test Store app,"Add a Test Store app inside the same RC project (supported >=8.3.0). Wire its key behind CM_TEST_STORE. Purpose: exercise offerings/placements/paywall/purchase/restore flows before Play credentials propagate and before the closed track is live",RC > Project settings > Apps > + New > Test Store,D1-01,"Dev build reaches a purchase success on Test Store; DOCUMENTED DELTAS: Test Store has no real Billing sheet, no pending purchases, no license-tester cards - so pending/deferred, process-death-mid-purchase and slow-card rows can NEVER be signed off on Test Store"
testing,D1-49 Play license testers,"Add the 12 closed testers' Google accounts to License testing so they get the test payment methods (always approves / always declines / slow approves / slow declines). Slow-card testing is the only way to reach Billing pending-purchase states",Play Console > Settings > License testing,D1-10,"Each tester account sees ""Test card"" options in the Play sheet; a slow-approve purchase of cm_rewind_5 reaches Pending UI copy, then grants exactly 5 rewinds when it clears"
testing,D1-50 Closed test track + 14-day tester clock,"12 testers opted in continuously from Aug 1 -> eligible to apply for production access Aug 14 (personal-account path, verified 2026-07-31). Production review is typically <=7 days and the first release review can take up to 7 days - this is the hard serial path to the Aug 24-28 public 1.0",Play Console > Testing > Closed testing > Testers,D1-10,"Tester count never drops below 12 for 14 consecutive days (checked every 2 days - one opt-out silently restarts the clock); production access application submitted Aug 14"
promo_codes,D2-51 Promo codes for judges,"Play one-time promo codes for cm_all_access (verified 2026-07-31 as working for one-time in-app products - this is the judge-access mechanism required by the Shipaton submission form). Generate 25: 15 reserved for judges, 5 press, 5 spare. Quota is limited per quarter (500 at last check - reverify in Console before generating). Codes are pasted into the Devpost ""free trial or promo code"" field and never posted publicly",Play Console > Monetize > Promo codes > New promo code campaign,"D1-11 (product must be ACTIVE)","2 codes self-redeemed on clean accounts: entitlement arrives via CustomerInfo sync with no purchase UI and logs purchase_completed(price_local_bucket=promo); the remaining 23 recorded in ops/judge_codes.md with expiry dates before Sep 30"
release_discipline,D24-52 Store/key/track pre-submit sweep,"Before the D24-26 production submit: production goog_ key only (CM_TEST_STORE stripped); all 6 SKUs ACTIVE in production; cm_all_access_499 INACTIVE; ofr_core marked Current; all 5 placements resolving on a physical device; Paywalls v2 crash-watch clean; promo codes generated; webhook receiving from the production app",Cross-surface (RC + Play + Unity build profile),All rows above,specs/revenuecat_implementation.md Section 7 release-readiness checklist run end to end; any unchecked P0 slips the submit date rather than the checklist
experiments,SEP-53 Arm PW01 (only if Pro plan confirmed),"If Pro: create the RC Experiment on placement post_level_5 with control ofr_core (all_access = cm_all_access @ $6.99) vs experiment-only offering ofr_core_b (all_access = cm_all_access_499 @ $4.99), 50/50, server-side. If NOT Pro: run the pre-declared sequential swap (7d + 7d) by repointing the post_level_5 placement to ofr_core_b and back, and label the readout as sequential with a day-of-week confound noted. Experiment-only offerings (ofr_core_b, ofr_core_t8, ofr_core_f, ofr_themes_b, ofr_rewind_b, ofr_shop_b - see paywall_experiments.csv) are deleted after their readout; the four launch offerings are the only permanent ones",RC > Experiments (Pro) OR RC > Placements (sequential fallback),"D1-02, D1-17, D1-30",Both arms verified on device before traffic starts (a clean account on each arm sees the correct price and gets all_access + both themes); readout captured for the HAMM evidence pack either way
experiments,SEP-54 Targeting (Pro-gated) vs client-side suppression,"Targeting is Pro/Enterprise-gated (verified 2026-07-31). The payer-suppression matrix therefore lives client-side in OfferEligibilityService as the primary implementation - if Pro is active, RC Targeting is used only as a redundant server-side belt on top, never as the sole gate",RC > Targeting (if Pro); Unity CatMetro.Application/OfferEligibilityService.cs,"D1-02, D1-20","QA asserts ZERO paywall_viewed events with placement in {post_level_5, bonus_district} for any customer holding all_access or supporter - the assertion must hold with Targeting switched off"
